1,/,A1,,/,A1
1,/cart.html,A2,,/cart.html,A2
1,/,A1,,/checkout.html,A3
1,/cart.html,A2,,/login.html,A4
1,/checkout.html,A3,,/payment.html,A5
1,/checkout.html,A3,,/404.html,A6
1,/checkout.html,A3,,/contact-us.html,A7
1,/checkout.html,A3,,/shop.html,A8
1,/,A1,,/product-details.html,A9
1,/checkout.html,A3,,/index.html,A10
1,/login.html,A4,,/blog.html,A11
1,/checkout.html,A3,,/blog-single.html,A12
1,/,A1,,,
1,/cart.html,A2,,,
1,/checkout.html,A3,,,
1,/checkout.html,A3,,,
1,/checkout.html,A3,,,
1,/login.html,A4,,,
1,/,A1,,,
1,/checkout.html,A3,,,
1,/payment.html,A5,,,
2,/,A1,,,
2,/login.html,A4,,,
2,/login.html,A4,,,
2,/cart.html,A2,,,
2,/cart.html,A2,,,
2,/cart.html,A2,,,
2,/cart.html,A2,,,
2,/cart.html,A2,,,
2,/cart.html,A2,,,
2,/cart.html,A2,,,
2,/404.html,A6,,,
2,/cart.html,A2,,,
2,/contact-us.html,A7,,,
2,/cart.html,A2,,,
2,/checkout.html,A3,,,
3,/,A1,,,
3,/shop.html,A8,,,
3,/product-details.html,A9,,,
3,/,A1,,,
3,/shop.html,A8,,,
3,/checkout.html,A3,,,
3,/payment.html,A5,,,
3,/,A1,,,
3,/shop.html,A8,,,
3,/product-details.html,A9,,,
3,/cart.html,A2,,,
3,/404.html,A6,,,
4,/,A1,,,
4,/,A1,,,
4,/,A1,,,
4,/,A1,,,
5,/,A1,,,
5,/login.html,A4,,,
5,/,A1,,,
5,/,A1,,,
6,/,A1,,,
6,/,A1,,,
7,/,A1,,,
7,/,A1,,,
7,/,A1,,,
7,/,A1,,,
7,/,A1,,,
7,/,A1,,,
8,/,A1,,,
8,/cart.html,A2,,,
8,/checkout.html,A3,,,
8,/payment.html,A5,,,
8,/,A1,,,
8,/checkout.html,A3,,,
8,/contact-us.html,A7,,,
8,/404.html,A6,,,
8,/index.html,A10,,,
8,/index.html,A10,,,
8,/,A1,,,
9,/,A1,,,
9,/,A1,,,
9,/,A1,,,
9,/login.html,A4,,,
9,/cart.html,A2,,,
9,/product-details.html,A9,,,
10,/,A1,,,
10,/shop.html,A8,,,
10,/product-details.html,A9,,,
10,/login.html,A4,,,
10,/cart.html,A2,,,
10,/,A1,,,
10,/login.html,A4,,,
10,/index.html,A10,,,
10,/shop.html,A8,,,
10,/blog.html,A11,,,
11,/,A1,,,
11,/shop.html,A8,,,
11,/shop.html,A8,,,
11,/blog.html,A11,,,
11,/checkout.html,A3,,,
11,/cart.html,A2,,,
12,/,A1,,,
13,/,A1,,,
14,/,A1,,,
14,/login.html,A4,,,
15,/,A1,,,
15,/,A1,,,
16,/,A1,,,
16,/shop.html,A8,,,
16,/product-details.html,A9,,,
16,/cart.html,A2,,,
16,/checkout.html,A3,,,
17,/,A1,,,
17,/shop.html,A8,,,
17,/product-details.html,A9,,,
17,/index.html,A10,,,
17,/blog.html,A11,,,
17,/blog-single.html,A12,,,
18,/,A1,,,
18,/,A1,,,
18,/cart.html,A2,,,
18,/login.html,A4,,,
19,/,A1,,,
20,/,A1,,,
21,/,A1,,,
21,/login.html,A4,,,
21,/index.html,A10,,,
21,/shop.html,A8,,,
21,/shop.html,A8,,,
21,/product-details.html,A9,,,
21,/product-details.html,A9,,,
21,/contact-us.html,A7,,,
21,/,A1,,,
21,/cart.html,A2,,,
21,/shop.html,A8,,,
21,/product-details.html,A9,,,
21,/contact-us.html,A7,,,
22,/,A1,,,
22,/login.html,A4,,,
22,/,A1,,,
22,/login.html,A4,,,
22,/login.html,A4,,,
23,/,A1,,,
24,/,A1,,,
24,/login.html,A4,,,
24,/blog.html,A11,,,
24,/blog.html,A11,,,
24,/blog.html,A11,,,
25,/,A1,,,
25,/login.html,A4,,,
25,/cart.html,A2,,,
25,/checkout.html,A3,,,
25,/contact-us.html,A7,,,
26,/,A1,,,
27,/,A1,,,
28,/,A1,,,
29,/,A1,,,
29,/blog-single.html,A12,,,
29,/contact-us.html,A7,,,
30,/,A1,,,
30,/shop.html,A8,,,
30,/cart.html,A2,,,
30,/blog-single.html,A12,,,
30,/contact-us.html,A7,,,
31,/,A1,,,
32,/,A1,,,
33,/,A1,,,
33,/cart.html,A2,,,
33,/cart.html,A2,,,
33,/cart.html,A2,,,
33,/cart.html,A2,,,
33,/cart.html,A2,,,
33,/cart.html,A2,,,
34,/,A1,,,
35,/,A1,,,
35,/login.html,A4,,,
35,/cart.html,A2,,,
35,/,A1,,,
35,/,A1,,,
35,/cart.html,A2,,,
35,/cart.html,A2,,,
35,/cart.html,A2,,,
36,/,A1,,,
36,/,A1,,,
36,/,A1,,,
37,/,A1,,,
37,/,A1,,,
38,/product-details.html,A9,,,
38,/,A1,,,
38,/shop.html,A8,,,
38,/contact-us.html,A7,,,
38,/shop.html,A8,,,
38,/cart.html,A2,,,
38,/cart.html,A2,,,
38,/checkout.html,A3,,,
39,/,A1,,,
39,/login.html,A4,,,
39,/shop.html,A8,,,
39,/product-details.html,A9,,,
39,/cart.html,A2,,,
39,/login.html,A4,,,
39,/cart.html,A2,,,
39,/cart.html,A2,,,
40,/,A1,,,
40,/shop.html,A8,,,
40,/shop.html,A8,,,
40,/shop.html,A8,,,
40,/index.html,A10,,,
40,/cart.html,A2,,,
40,/cart.html,A2,,,
40,/login.html,A4,,,
40,/,A1,,,
40,/cart.html,A2,,,
40,/cart.html,A2,,,
41,/,A1,,,
41,/cart.html,A2,,,
41,/cart.html,A2,,,
41,/,A1,,,
41,/login.html,A4,,,
41,/login.html,A4,,,
41,/cart.html,A2,,,
41,/product-details.html,A9,,,
42,/,A1,,,
43,/,A1,,,
44,/,A1,,,
44,/checkout.html,A3,,,
44,/payment.html,A5,,,
45,/,A1,,,
45,/cart.html,A2,,,
45,/shop.html,A8,,,
45,/shop.html,A8,,,
45,/product-details.html,A9,,,
45,/index.html,A10,,,
45,/index.html,A10,,,
46,/,A1,,,
46,/checkout.html,A3,,,
46,/payment.html,A5,,,
47,/,A1,,,
48,/,A1,,,
49,/,A1,,,
50,/,A1,,,
50,/shop.html,A8,,,
51,/,A1,,,
51,/,A1,,,
52,/,A1,,,
53,/,A1,,,
53,/shop.html,A8,,,
53,/product-details.html,A9,,,
53,/product-details.html,A9,,,
53,/login.html,A4,,,
53,/cart.html,A2,,,
53,/contact-us.html,A7,,,
54,/,A1,,,
54,/blog-single.html,A12,,,
54,/blog-single.html,A12,,,
54,/blog.html,A11,,,
54,/login.html,A4,,,
54,/checkout.html,A3,,,
54,/payment.html,A5,,,
55,/,A1,,,
56,/,A1,,,
56,/product-details.html,A9,,,
56,/product-details.html,A9,,,
56,/shop.html,A8,,,
56,/login.html,A4,,,
56,/cart.html,A2,,,
57,/,A1,,,
58,/,A1,,,
58,/shop.html,A8,,,
58,/shop.html,A8,,,
58,/shop.html,A8,,,
58,/login.html,A4,,,
58,/login.html,A4,,,
58,/cart.html,A2,,,
58,/cart.html,A2,,,
58,/cart.html,A2,,,
58,/index.html,A10,,,
58,/shop.html,A8,,,
58,/login.html,A4,,,
58,/shop.html,A8,,,
58,/login.html,A4,,,
59,/,A1,,,
59,/,A1,,,
60,/,A1,,,
60,/,A1,,,
61,/,A1,,,
61,/,A1,,,
61,/,A1,,,
61,/,A1,,,
61,/,A1,,,
61,/,A1,,,
61,/,A1,,,
62,/,A1,,,
62,/,A1,,,
62,/,A1,,,
62,/,A1,,,
62,/,A1,,,
62,/,A1,,,
63,/,A1,,,
63,/cart.html,A2,,,
63,/login.html,A4,,,
63,/blog.html,A11,,,
63,/blog-single.html,A12,,,
63,/,A1,,,
64,/,A1,,,
64,/cart.html,A2,,,
64,/cart.html,A2,,,
64,/cart.html,A2,,,
64,/cart.html,A2,,,
65,/,A1,,,
66,/,A1,,,
66,/cart.html,A2,,,
66,/cart.html,A2,,,
67,/,A1,,,
68,/,A1,,,
68,/cart.html,A2,,,
68,/cart.html,A2,,,
68,/,A1,,,
68,/product-details.html,A9,,,
68,/shop.html,A8,,,
68,/shop.html,A8,,,
68,/shop.html,A8,,,
68,/shop.html,A8,,,
68,/index.html,A10,,,
68,/index.html,A10,,,
68,/shop.html,A8,,,
68,/shop.html,A8,,,
68,/shop.html,A8,,,
68,/product-details.html,A9,,,
68,/product-details.html,A9,,,
68,/product-details.html,A9,,,
68,/product-details.html,A9,,,
68,/product-details.html,A9,,,
68,/product-details.html,A9,,,
68,/product-details.html,A9,,,
68,/product-details.html,A9,,,
68,/product-details.html,A9,,,
68,/product-details.html,A9,,,
68,/product-details.html,A9,,,
68,/product-details.html,A9,,,
68,/product-details.html,A9,,,
68,/product-details.html,A9,,,
68,/product-details.html,A9,,,
68,/product-details.html,A9,,,
69,/,A1,,,
69,/,A1,,,
69,/,A1,,,
69,/cart.html,A2,,,
69,/cart.html,A2,,,
69,/cart.html,A2,,,
69,/shop.html,A8,,,
69,/shop.html,A8,,,
69,/shop.html,A8,,,
70,/,A1,,,
70,/login.html,A4,,,
70,/checkout.html,A3,,,
70,/checkout.html,A3,,,
70,/checkout.html,A3,,,
70,/checkout.html,A3,,,
70,/index.html,A10,,,
70,/checkout.html,A3,,,
70,/checkout.html,A3,,,
71,/,A1,,,
71,/checkout.html,A3,,,
71,/login.html,A4,,,
71,/cart.html,A2,,,
71,/checkout.html,A3,,,
71,/payment.html,A5,,,
72,/,A1,,,
72,/checkout.html,A3,,,
72,/checkout.html,A3,,,
72,/checkout.html,A3,,,
72,/payment.html,A5,,,
72,/,A1,,,
72,/checkout.html,A3,,,
72,/cart.html,A2,,,
72,/cart.html,A2,,,
72,/cart.html,A2,,,
72,/cart.html,A2,,,
72,/cart.html,A2,,,
73,/,A1,,,
73,/shop.html,A8,,,
73,/product-details.html,A9,,,
73,/cart.html,A2,,,
73,/cart.html,A2,,,
73,/checkout.html,A3,,,
73,/payment.html,A5,,,
74,/,A1,,,
74,/cart.html,A2,,,
74,/login.html,A4,,,
74,/login.html,A4,,,
74,/cart.html,A2,,,
74,/cart.html,A2,,,
74,/cart.html,A2,,,
74,/cart.html,A2,,,
74,/cart.html,A2,,,
74,/cart.html,A2,,,
75,/,A1,,,
75,/,A1,,,
75,/,A1,,,
75,/,A1,,,
1,A1,A2,A1,A2,A3,A3,A3,A3,A1,A3,A4,A3,A1,A2,A3,A3,A3,A4,A1,A3,A5,,,,,,,,,
2,A1,A4,A4,A2,A2,A2,A2,A2,A2,A2,A6,A2,A7,A2,A3,,,,,,,,,,,,,,,
3,A1,A8,A9,A1,A8,A3,A5,A1,A8,A9,A2,A6,,,,,,,,,,,,,,,,,,
4,A1,A1,A1,A1,,,,,,,,,,,,,,,,,,,,,,,,,,
5,A1,A4,A1,A1,,,,,,,,,,,,,,,,,,,,,,,,,,
6,A1,A1,,,,,,,,,,,,,,,,,,,,,,,,,,,,
7,A1,A1,A1,A1,A1,A1,,,,,,,,,,,,,,,,,,,,,,,,
8,A1,A2,A3,A5,A1,A3,A7,A6,A10,A10,A1,,,,,,,,,,,,,,,,,,,
9,A1,A1,A1,A4,A2,A9,,,,,,,,,,,,,,,,,,,,,,,,
10,A1,A8,A9,A4,A2,A1,A4,A10,A8,A11,,,,,,,,,,,,,,,,,,,,
11,A1,A8,A8,A11,A3,A2,,,,,,,,,,,,,,,,,,,,,,,,
12,A1,,,,,,,,,,,,,,,,,,,,,,,,,,,,,
13,A1,,,,,,,,,,,,,,,,,,,,,,,,,,,,,
14,A1,A4,,,,,,,,,,,,,,,,,,,,,,,,,,,,
15,A1,A1,,,,,,,,,,,,,,,,,,,,,,,,,,,,
16,A1,A8,A9,A2,A3,,,,,,,,,,,,,,,,,,,,,,,,,
17,A1,A8,A9,A10,A11,A12,,,,,,,,,,,,,,,,,,,,,,,,
18,A1,A1,A2,A4,,,,,,,,,,,,,,,,,,,,,,,,,,
19,A1,,,,,,,,,,,,,,,,,,,,,,,,,,,,,
20,A1,,,,,,,,,,,,,,,,,,,,,,,,,,,,,
21,A1,A4,A10,A8,A8,A9,A9,A7,A1,A2,A8,A9,A7,,,,,,,,,,,,,,,,,
22,A1,A4,A1,A4,A4,,,,,,,,,,,,,,,,,,,,,,,,,
23,A1,,,,,,,,,,,,,,,,,,,,,,,,,,,,,
24,A1,A4,A11,A11,A11,,,,,,,,,,,,,,,,,,,,,,,,,
25,A1,A4,A2,A3,A7,,,,,,,,,,,,,,,,,,,,,,,,,
26,A1,,,,,,,,,,,,,,,,,,,,,,,,,,,,,
27,A1,,,,,,,,,,,,,,,,,,,,,,,,,,,,,
28,A1,,,,,,,,,,,,,,,,,,,,,,,,,,,,,
29,A1,A12,A7,,,,,,,,,,,,,,,,,,,,,,,,,,,
30,A1,A8,A2,A12,A7,,,,,,,,,,,,,,,,,,,,,,,,,
31,A1,,,,,,,,,,,,,,,,,,,,,,,,,,,,,
32,A1,,,,,,,,,,,,,,,,,,,,,,,,,,,,,
33,A1,A2,A2,A2,A2,A2,A2,,,,,,,,,,,,,,,,,,,,,,,
34,A1,,,,,,,,,,,,,,,,,,,,,,,,,,,,,
35,A1,A4,A2,A1,A1,A2,A2,A2,,,,,,,,,,,,,,,,,,,,,,
36,A1,A1,A1,,,,,,,,,,,,,,,,,,,,,,,,,,,
37,A1,A1,,,,,,,,,,,,,,,,,,,,,,,,,,,,
38,A9,A1,A8,A7,A8,A2,A2,A3,,,,,,,,,,,,,,,,,,,,,,
39,A1,A4,A8,A9,A2,A4,A2,A2,,,,,,,,,,,,,,,,,,,,,,
40,A1,A8,A8,A8,A10,A2,A2,A4,A1,A2,A2,,,,,,,,,,,,,,,,,,,
41,A1,A2,A2,A1,A4,A4,A2,A9,,,,,,,,,,,,,,,,,,,,,,
42,A1,,,,,,,,,,,,,,,,,,,,,,,,,,,,,
43,A1,,,,,,,,,,,,,,,,,,,,,,,,,,,,,
44,A1,A3,A5,,,,,,,,,,,,,,,,,,,,,,,,,,,
45,A1,A2,A8,A8,A9,A10,A10,,,,,,,,,,,,,,,,,,,,,,,
46,A1,A3,A5,,,,,,,,,,,,,,,,,,,,,,,,,,,
47,A1,,,,,,,,,,,,,,,,,,,,,,,,,,,,,
48,A1,,,,,,,,,,,,,,,,,,,,,,,,,,,,,
49,A1,,,,,,,,,,,,,,,,,,,,,,,,,,,,,
50,A1,A8,,,,,,,,,,,,,,,,,,,,,,,,,,,,
51,A1,A1,,,,,,,,,,,,,,,,,,,,,,,,,,,,
52,A1,,,,,,,,,,,,,,,,,,,,,,,,,,,,,
53,A1,A8,A9,A9,A4,A2,A7,,,,,,,,,,,,,,,,,,,,,,,
54,A1,A12,A12,A11,A4,A3,A5,,,,,,,,,,,,,,,,,,,,,,,
55,A1,,,,,,,,,,,,,,,,,,,,,,,,,,,,,
56,A1,A9,A9,A8,A4,A2,,,,,,,,,,,,,,,,,,,,,,,,
57,A1,,,,,,,,,,,,,,,,,,,,,,,,,,,,,
58,A1,A8,A8,A8,A4,A4,A2,A2,A2,A10,A8,A4,A8,A4,,,,,,,,,,,,,,,,
59,A1,A1,,,,,,,,,,,,,,,,,,,,,,,,,,,,
60,A1,A1,,,,,,,,,,,,,,,,,,,,,,,,,,,,
61,A1,A1,A1,A1,A1,A1,A1,,,,,,,,,,,,,,,,,,,,,,,
62,A1,A1,A1,A1,A1,A1,,,,,,,,,,,,,,,,,,,,,,,,
63,A1,A2,A4,A11,A12,A1,,,,,,,,,,,,,,,,,,,,,,,,
64,A1,A2,A2,A2,A2,,,,,,,,,,,,,,,,,,,,,,,,,
65,A1,,,,,,,,,,,,,,,,,,,,,,,,,,,,,
66,A1,A2,A2,,,,,,,,,,,,,,,,,,,,,,,,,,,
67,A1,,,,,,,,,,,,,,,,,,,,,,,,,,,,,
68,A1,A2,A2,A1,A9,A8,A8,A8,A8,A10,A10,A8,A8,A8,A9,A9,A9,A9,A9,A9,A9,A9,A9,A9,A9,A9,A9,A9,A9,A9
69,A1,A1,A1,A2,A2,A2,A8,A8,A8,,,,,,,,,,,,,,,,,,,,,
70,A1,A4,A3,A3,A3,A3,A10,A3,A3,,,,,,,,,,,,,,,,,,,,,
71,A1,A3,A4,A2,A3,A5,,,,,,,,,,,,,,,,,,,,,,,,
72,A1,A3,A3,A3,A5,A1,A3,A2,A2,A2,A2,A2,,,,,,,,,,,,,,,,,,
73,A1,A8,A9,A2,A2,A3,A5,,,,,,,,,,,,,,,,,,,,,,,
74,A1,A2,A4,A4,A2,A2,A2,A2,A2,A2,,,,,,,,,,,,,,,,,,,,
75,A1,A1,A1,A1,,,,,,,,,,,,,,,,,,,,,,,,,,
